{"cameraMode":{"drawMode":0,"name":"Shaded","section":"Shading Mode"},"sceneLighting":false,"audioPlay":false,"sceneViewState":{"showFog":true,"showMaterialUpdate":false,"showSkybox":true,"showFlares":true,"showImageEffects":true,"showParticleSystems":true},"in2DMode":false,"pivot":{"x":1.2235016822814942,"y":3.2078347206115724,"z":-1.228515625},"rotation":{"x":-0.12413738667964935,"y":0.8286864757537842,"z":-0.2030653953552246,"w":-0.5065897107124329},"size":2.8578836917877199,"orthographic":false}